mned,vaegtet,gallup,parti,diff
Jan-90,31.9,32,"Socialdemokraterne",.1
Feb-90,32.3,31.8,"Socialdemokraterne",.5
Mar-90,32.4,32.1,"Socialdemokraterne",.3
Apr-90,31.8,31.5,"Socialdemokraterne",.3
May-90,31.1,29.9,"Socialdemokraterne",1.2
Jun-90,31.1,30,"Socialdemokraterne",1.1
Aug-90,31.5,32.2,"Socialdemokraterne",.7
Sep-90,31.1,29.9,"Socialdemokraterne",1.2
Oct-90,31.9,30.8,"Socialdemokraterne",1.1
Dec-90,35.2,38.4,"Socialdemokraterne",3.2
Jan-91,38.2,37.7,"Socialdemokraterne",.5
Feb-91,38,38.7,"Socialdemokraterne",.7
Mar-91,36.4,36.6,"Socialdemokraterne",.2
Apr-91,36.2,36.7,"Socialdemokraterne",.5
May-91,35.9,36,"Socialdemokraterne",.1
Jun-91,36.6,35.9,"Socialdemokraterne",.7
Aug-91,35.9,34.8,"Socialdemokraterne",1.1
Sep-91,35.4,34.9,"Socialdemokraterne",.5
Oct-91,34.6,35.1,"Socialdemokraterne",.5
Nov-91,32.3,33.5,"Socialdemokraterne",1.2
Dec-91,33.6,34.6,"Socialdemokraterne",1
Jan-92,31.8,32.2,"Socialdemokraterne",.4
Feb-92,31.7,34.3,"Socialdemokraterne",2.6
Mar-92,30.4,34,"Socialdemokraterne",3.6
Apr-92,34.2,36.2,"Socialdemokraterne",2
May-92,35.5,36,"Socialdemokraterne",.5
Jun-92,34.9,35.9,"Socialdemokraterne",1
Aug-92,34.5,35.6,"Socialdemokraterne",1.1
Sep-92,34.7,35.7,"Socialdemokraterne",1
Oct-92,35.8,35.6,"Socialdemokraterne",.2
Nov-92,34.8,34.3,"Socialdemokraterne",.5
Dec-92,34.8,35.8,"Socialdemokraterne",1
Jan-93,35,35.5,"Socialdemokraterne",.5
Feb-93,36,36.8,"Socialdemokraterne",.8
Mar-93,34.4,36.8,"Socialdemokraterne",2.4
Apr-93,34.2,34.6,"Socialdemokraterne",.4
May-93,33.1,33.8,"Socialdemokraterne",.7
Jun-93,32.2,34.1,"Socialdemokraterne",1.9
Aug-93,30.3,31.5,"Socialdemokraterne",1.2
Sep-93,30.6,32.9,"Socialdemokraterne",2.3
Oct-93,31.1,31.8,"Socialdemokraterne",.7
Nov-93,32.5,33.4,"Socialdemokraterne",.9
Dec-93,33,33.4,"Socialdemokraterne",.4
Jan-94,32,33.7,"Socialdemokraterne",1.7
Feb-94,32.4,35.4,"Socialdemokraterne",3
Mar-94,31.1,31.2,"Socialdemokraterne",.1
Apr-94,31.5,33.3,"Socialdemokraterne",1.8
May-94,31.8,33.5,"Socialdemokraterne",1.7
Jun-94,31.9,29.7,"Socialdemokraterne",2.2
Aug-94,32.5,32.9,"Socialdemokraterne",.4
Sep-94,34,33.5,"Socialdemokraterne",.5
Oct-94,33.4,32.9,"Socialdemokraterne",.5
Nov-94,32.9,32.7,"Socialdemokraterne",.2
Dec-94,32.4,32.6,"Socialdemokraterne",.2
Jan-95,30.9,30.7,"Socialdemokraterne",.2
Feb-95,31.4,33.1,"Socialdemokraterne",1.7
Mar-95,31.9,31.8,"Socialdemokraterne",.1
Apr-95,31.2,31.7,"Socialdemokraterne",.5
May-95,30.4,30.5,"Socialdemokraterne",.1
Jun-95,30.9,33.8,"Socialdemokraterne",2.9
Aug-95,30.4,30.2,"Socialdemokraterne",.2
Sep-95,30.4,31.1,"Socialdemokraterne",.7
Oct-95,29.7,30.6,"Socialdemokraterne",.9
Nov-95,31.5,32.8,"Socialdemokraterne",1.3
Dec-95,30,30.1,"Socialdemokraterne",.1
Jan-96,30.6,29.6,"Socialdemokraterne",1
Feb-96,29.7,31.2,"Socialdemokraterne",1.5
Mar-96,29.1,29.8,"Socialdemokraterne",.7
Apr-96,29.6,32.3,"Socialdemokraterne",2.7
May-96,29.7,30.5,"Socialdemokraterne",.8
Jun-96,29.9,31.4,"Socialdemokraterne",1.5
Aug-96,29.7,30.4,"Socialdemokraterne",.7
Sep-96,29.7,30.5,"Socialdemokraterne",.8
Oct-96,29.8,31.6,"Socialdemokraterne",1.8
Nov-96,28.2,28,"Socialdemokraterne",.2
Dec-96,28.5,30.6,"Socialdemokraterne",2.1
Jan-97,29.7,31.3,"Socialdemokraterne",1.6
Feb-97,30.3,31.6,"Socialdemokraterne",1.3
Mar-97,32,31.8,"Socialdemokraterne",.2
Apr-97,31.2,31.7,"Socialdemokraterne",.5
May-97,28.8,28.3,"Socialdemokraterne",.5
Jun-97,30.5,33,"Socialdemokraterne",2.5
Aug-97,30.2,30.3,"Socialdemokraterne",.1
Sep-97,30.7,32.6,"Socialdemokraterne",1.9
Oct-97,28.6,28.6,"Socialdemokraterne",0
Nov-97,30.3,31.7,"Socialdemokraterne",1.4
Dec-97,31,30.7,"Socialdemokraterne",.3
Jan-98,31.4,32.7,"Socialdemokraterne",1.3
Feb-98,32.4,35.8,"Socialdemokraterne",3.4
Mar-98,31.5,34.3,"Socialdemokraterne",2.8
Apr-98,34.9,31.2,"Socialdemokraterne",3.7
May-98,34,31.2,"Socialdemokraterne",2.8
Jun-98,30.5,29.3,"Socialdemokraterne",1.2
Aug-98,30.5,29,"Socialdemokraterne",1.5
Sep-98,29.9,31,"Socialdemokraterne",1.1
Oct-98,28,27,"Socialdemokraterne",1
Dec-98,21.1,22.4,"Socialdemokraterne",1.3
Jan-99,22,22.8,"Socialdemokraterne",.8
Feb-99,22.1,24.1,"Socialdemokraterne",2
Mar-99,22.6,24.2,"Socialdemokraterne",1.6
Apr-99,25.3,27,"Socialdemokraterne",1.7
May-99,26,27.2,"Socialdemokraterne",1.2
Jun-99,27.7,29.7,"Socialdemokraterne",2
Aug-99,27.5,27.4,"Socialdemokraterne",.1
Sep-99,27.4,29.5,"Socialdemokraterne",2.1
Oct-99,26.4,27.7,"Socialdemokraterne",1.3
Nov-99,26,27.3,"Socialdemokraterne",1.3
Dec-99,25,26.1,"Socialdemokraterne",1.1
Jan-00,23.5,25.2,"Socialdemokraterne",1.7
Feb-00,23.7,24.8,"Socialdemokraterne",1.1
Mar-00,26,27.3,"Socialdemokraterne",1.3
Apr-00,25.9,28.4,"Socialdemokraterne",2.5
May-00,26.2,28.4,"Socialdemokraterne",2.2
Jun-00,26.9,28.8,"Socialdemokraterne",1.9
Aug-00,27.8,29.5,"Socialdemokraterne",1.7
Sep-00,27.2,29.8,"Socialdemokraterne",2.6
Oct-00,26.6,27.4,"Socialdemokraterne",.8
Nov-00,25.2,28.8,"Socialdemokraterne",3.6
Dec-00,25.9,26.8,"Socialdemokraterne",.9
Feb-01,25.8,28.6,"Socialdemokraterne",2.8
Mar-01,26.7,28.2,"Socialdemokraterne",1.5
Apr-01,29.1,30,"Socialdemokraterne",.9
May-01,28.3,29.4,"Socialdemokraterne",1.1
Jun-01,28.6,30.1,"Socialdemokraterne",1.5
Aug-01,28.2,28.5,"Socialdemokraterne",.3
Sep-01,27.2,29.2,"Socialdemokraterne",2
Oct-01,30.2,31.9,"Socialdemokraterne",1.7
Nov-01,29,29.4,"Socialdemokraterne",.4
Dec-01,28,28.3,"Socialdemokraterne",.3
Jan-02,28.1,28.4,"Socialdemokraterne",.3
Feb-02,28.8,30,"Socialdemokraterne",1.2
Mar-02,29.2,29.9,"Socialdemokraterne",.7
Apr-02,29.6,31.1,"Socialdemokraterne",1.5
May-02,30.1,30.8,"Socialdemokraterne",.7
Jun-02,29.5,29.6,"Socialdemokraterne",.1
Jul-02,29.7,30.8,"Socialdemokraterne",1.1
Aug-02,29,28.3,"Socialdemokraterne",.7
Sep-02,28.5,27.7,"Socialdemokraterne",.8
Oct-02,28.6,27.5,"Socialdemokraterne",1.1
Nov-02,28.4,27.9,"Socialdemokraterne",.5
Dec-02,27.2,28.5,"Socialdemokraterne",1.3
Jan-03,26.2,28.4,"Socialdemokraterne",2.2
Feb-03,26.8,27.8,"Socialdemokraterne",1
Mar-03,28.2,28.2,"Socialdemokraterne",0
Apr-03,27.9,28.8,"Socialdemokraterne",.9
May-03,29.2,28.8,"Socialdemokraterne",.4
Jun-03,28.8,28.5,"Socialdemokraterne",.3
Jul-03,29.7,30.9,"Socialdemokraterne",1.2
Aug-03,28.7,29.5,"Socialdemokraterne",.8
Sep-03,29.6,29.1,"Socialdemokraterne",.5
Oct-03,29.9,29.9,"Socialdemokraterne",0
Nov-03,29.6,30.2,"Socialdemokraterne",.6
Dec-03,30.1,30.4,"Socialdemokraterne",.3
Jan-04,32.1,32.5,"Socialdemokraterne",.4
Feb-04,32.8,32.4,"Socialdemokraterne",.4
Mar-04,31.8,31.7,"Socialdemokraterne",.1
Apr-04,31.1,31.6,"Socialdemokraterne",.5
May-04,30.7,30.4,"Socialdemokraterne",.3
Jun-04,31.1,33.3,"Socialdemokraterne",2.2
Jul-04,30,32.1,"Socialdemokraterne",2.1
Aug-04,30.3,30.7,"Socialdemokraterne",.4
Sep-04,30.3,30.4,"Socialdemokraterne",.1
Oct-04,29.9,28.6,"Socialdemokraterne",1.3
Nov-04,28.6,28.3,"Socialdemokraterne",.3
Dec-04,27.9,28.4,"Socialdemokraterne",.5
Jan-05,24.3,26.3,"Socialdemokraterne",2
Feb-05,25.9,25.2,"Socialdemokraterne",.7
Mar-05,25.8,26.8,"Socialdemokraterne",1
Apr-05,28.7,28.1,"Socialdemokraterne",.6
May-05,29.4,29.4,"Socialdemokraterne",0
Jun-05,26.6,26.4,"Socialdemokraterne",.2
Jul-05,26.3,26.1,"Socialdemokraterne",.2
Aug-05,25.5,24.9,"Socialdemokraterne",.6
Sep-05,24.8,24.8,"Socialdemokraterne",0
Oct-05,25.2,25.1,"Socialdemokraterne",.1
Nov-05,27.1,27.6,"Socialdemokraterne",.5
Dec-05,26.7,27,"Socialdemokraterne",.3
Jan-06,26.2,26.1,"Socialdemokraterne",.1
Feb-06,22.3,23.2,"Socialdemokraterne",.9
Mar-06,22,22.5,"Socialdemokraterne",.5
Apr-06,21.7,23.4,"Socialdemokraterne",1.7
May-06,23.2,22.5,"Socialdemokraterne",.7
Jun-06,23.8,24.1,"Socialdemokraterne",.3
Jul-06,23.5,23.9,"Socialdemokraterne",.4
Aug-06,24.1,26.3,"Socialdemokraterne",2.2
Sep-06,26.6,25.9,"Socialdemokraterne",.7
Oct-06,28.7,29.5,"Socialdemokraterne",.8
Nov-06,29.7,29.5,"Socialdemokraterne",.2
Dec-06,29.2,29,"Socialdemokraterne",.2
Jan-07,29.4,29.9,"Socialdemokraterne",.5
Feb-07,27.9,28.2,"Socialdemokraterne",.3
Mar-07,27.6,27.6,"Socialdemokraterne",0
Apr-07,28,26.8,"Socialdemokraterne",1.2
May-07,24.9,26,"Socialdemokraterne",1.1
Jun-07,25.7,26.1,"Socialdemokraterne",.4
Jul-07,26.7,26.2,"Socialdemokraterne",.5
Aug-07,25.9,26.3,"Socialdemokraterne",.4
Sep-07,25.5,25.8,"Socialdemokraterne",.3
Oct-07,24.4,26.4,"Socialdemokraterne",2
Nov-07,25.5,25.5,"Socialdemokraterne",0
Dec-07,25.2,25.1,"Socialdemokraterne",.1
Jan-08,24.8,24.9,"Socialdemokraterne",.1
Feb-08,24.7,24.5,"Socialdemokraterne",.2
Mar-08,21.1,20.9,"Socialdemokraterne",.2
Apr-08,21.8,21.7,"Socialdemokraterne",.1
May-08,23.8,24.5,"Socialdemokraterne",.7
Jun-08,23.1,24.5,"Socialdemokraterne",1.4
Aug-08,23.9,23.9,"Socialdemokraterne",0
Sep-08,24.4,24.2,"Socialdemokraterne",.2
Oct-08,24.8,26,"Socialdemokraterne",1.2
Nov-08,25.3,25.7,"Socialdemokraterne",.4
Dec-08,26.3,26.4,"Socialdemokraterne",.1
Jan-09,24.6,25.1,"Socialdemokraterne",.5
Feb-09,25.5,25.6,"Socialdemokraterne",.1
Mar-09,26,26.1,"Socialdemokraterne",.1
Apr-09,25.2,25.8,"Socialdemokraterne",.6
May-09,25.9,26.6,"Socialdemokraterne",.7
Jun-09,25.3,25.3,"Socialdemokraterne",0
Jul-09,24.2,24.3,"Socialdemokraterne",.1
Aug-09,25.2,24.6,"Socialdemokraterne",.6
Sep-09,23.9,24.9,"Socialdemokraterne",1
Oct-09,25,24.2,"Socialdemokraterne",.8
Nov-09,24.4,24.1,"Socialdemokraterne",.3
Dec-09,25.3,25.6,"Socialdemokraterne",.3
Jan-10,25.1,25,"Socialdemokraterne",.1
Feb-10,26.4,26.6,"Socialdemokraterne",.2
Mar-10,27.1,26.7,"Socialdemokraterne",.4
Apr-10,27,28.2,"Socialdemokraterne",1.2
May-10,27.9,27.1,"Socialdemokraterne",.8
Jun-10,28.2,29,"Socialdemokraterne",.8
Jul-10,27.2,26.9,"Socialdemokraterne",.3
Aug-10,25.6,25.4,"Socialdemokraterne",.2
Sep-10,26.1,27.1,"Socialdemokraterne",1
Oct-10,28.4,27.2,"Socialdemokraterne",1.2
Nov-10,28,26.3,"Socialdemokraterne",1.7
Dec-10,28.1,26.2,"Socialdemokraterne",1.9
Jan-90,4.1,4.2,"Radikale Venstre",.1
Feb-90,4.2,4.1,"Radikale Venstre",.1
Mar-90,3.6,3.5,"Radikale Venstre",.1
Apr-90,4.6,4.9,"Radikale Venstre",.3
May-90,4.3,4.8,"Radikale Venstre",.5
Jun-90,4.1,3.8,"Radikale Venstre",.3
Aug-90,4.1,4.6,"Radikale Venstre",.5
Sep-90,4.4,5.1,"Radikale Venstre",.7
Oct-90,3.8,4.3,"Radikale Venstre",.5
Dec-90,4,3.5,"Radikale Venstre",.5
Jan-91,3.2,3.4,"Radikale Venstre",.2
Feb-91,3.4,3.2,"Radikale Venstre",.2
Mar-91,3.5,3.1,"Radikale Venstre",.4
Apr-91,3.5,3,"Radikale Venstre",.5
May-91,3.3,3.3,"Radikale Venstre",0
Jun-91,3.3,3,"Radikale Venstre",.3
Aug-91,3.7,4.1,"Radikale Venstre",.4
Sep-91,3.7,3,"Radikale Venstre",.7
Oct-91,4.3,4.1,"Radikale Venstre",.2
Nov-91,3.8,3.7,"Radikale Venstre",.1
Dec-91,3.2,2.9,"Radikale Venstre",.3
Jan-92,3.5,3.6,"Radikale Venstre",.1
Feb-92,3.6,3.8,"Radikale Venstre",.2
Mar-92,3.7,3.5,"Radikale Venstre",.2
Apr-92,3.1,2,"Radikale Venstre",1.1
May-92,3.1,3.4,"Radikale Venstre",.3
Jun-92,3.4,3.1,"Radikale Venstre",.3
Aug-92,3.6,3.2,"Radikale Venstre",.4
Sep-92,3.9,4.8,"Radikale Venstre",.9
Oct-92,3.7,3.3,"Radikale Venstre",.4
Nov-92,3.8,2.9,"Radikale Venstre",.9
Dec-92,3.4,2.8,"Radikale Venstre",.6
Jan-93,3.6,3.6,"Radikale Venstre",0
Feb-93,3.9,3.1,"Radikale Venstre",.8
Mar-93,3.7,3.8,"Radikale Venstre",.1
Apr-93,3.5,4,"Radikale Venstre",.5
May-93,3.8,3.2,"Radikale Venstre",.6
Jun-93,3.3,3.3,"Radikale Venstre",0
Aug-93,3.3,3.2,"Radikale Venstre",.1
Sep-93,3.6,3,"Radikale Venstre",.6
Oct-93,3.8,3.3,"Radikale Venstre",.5
Nov-93,3.7,3.2,"Radikale Venstre",.5
Dec-93,3.7,3.4,"Radikale Venstre",.3
Jan-94,4,3.5,"Radikale Venstre",.5
Feb-94,3.7,2.9,"Radikale Venstre",.8
Mar-94,3.9,3.6,"Radikale Venstre",.3
Apr-94,3.8,2.9,"Radikale Venstre",.9
May-94,4,5.2,"Radikale Venstre",1.2
Jun-94,4.5,5.1,"Radikale Venstre",.6
Aug-94,4.5,4.6,"Radikale Venstre",.1
Sep-94,4.4,4.8,"Radikale Venstre",.4
Oct-94,5.3,5.4,"Radikale Venstre",.1
Nov-94,4.9,5,"Radikale Venstre",.1
Dec-94,4.6,4.8,"Radikale Venstre",.2
Jan-95,5.1,5.2,"Radikale Venstre",.1
Feb-95,4.7,5.6,"Radikale Venstre",.9
Mar-95,4.8,4.8,"Radikale Venstre",0
Apr-95,4.5,4.2,"Radikale Venstre",.3
May-95,4.9,5.3,"Radikale Venstre",.4
Jun-95,4.7,3.9,"Radikale Venstre",.8
Aug-95,5.2,5.7,"Radikale Venstre",.5
Sep-95,5.2,5.2,"Radikale Venstre",0
Oct-95,4.8,5.2,"Radikale Venstre",.4
Nov-95,4.9,5,"Radikale Venstre",.1
Dec-95,4.6,5.1,"Radikale Venstre",.5
Jan-96,5,5.2,"Radikale Venstre",.2
Feb-96,4.9,4.3,"Radikale Venstre",.6
Mar-96,4.6,4.2,"Radikale Venstre",.4
Apr-96,4.9,4.4,"Radikale Venstre",.5
May-96,5.1,5.6,"Radikale Venstre",.5
Jun-96,4.3,4,"Radikale Venstre",.3
Aug-96,4.9,4.6,"Radikale Venstre",.3
Sep-96,4.9,4.8,"Radikale Venstre",.1
Oct-96,4.9,5.3,"Radikale Venstre",.4
Nov-96,4.2,4.1,"Radikale Venstre",.1
Dec-96,4.5,5.1,"Radikale Venstre",.6
Jan-97,5.2,4.7,"Radikale Venstre",.5
Feb-97,4.6,5.1,"Radikale Venstre",.5
Mar-97,4.8,4.8,"Radikale Venstre",0
Apr-97,4.8,4.5,"Radikale Venstre",.3
May-97,4.6,5,"Radikale Venstre",.4
Jun-97,4.6,4.3,"Radikale Venstre",.3
Aug-97,4.7,4.7,"Radikale Venstre",0
Sep-97,5,5.2,"Radikale Venstre",.2
Oct-97,5,5.4,"Radikale Venstre",.4
Nov-97,4.2,4,"Radikale Venstre",.2
Dec-97,4.2,4.9,"Radikale Venstre",.7
Jan-98,4.2,4.7,"Radikale Venstre",.5
Feb-98,4.4,3.9,"Radikale Venstre",.5
Mar-98,4.3,4.2,"Radikale Venstre",.1
Apr-98,4.1,4.2,"Radikale Venstre",.1
May-98,4.1,4.2,"Radikale Venstre",.1
Jun-98,4.3,4.2,"Radikale Venstre",.1
Aug-98,4.2,4.5,"Radikale Venstre",.3
Sep-98,4.2,3.9,"Radikale Venstre",.3
Oct-98,4.2,4,"Radikale Venstre",.2
Nov-98,4.4,4.1,"Radikale Venstre",.3
Dec-98,4.5,4.3,"Radikale Venstre",.2
Jan-99,4.7,4.8,"Radikale Venstre",.1
Feb-99,4.5,4.6,"Radikale Venstre",.1
Mar-99,4.5,4.9,"Radikale Venstre",.4
Apr-99,4.7,4.7,"Radikale Venstre",0
May-99,4.4,4.5,"Radikale Venstre",.1
Jun-99,4.8,4.7,"Radikale Venstre",.1
Aug-99,4.3,4.9,"Radikale Venstre",.6
Sep-99,4.3,4.3,"Radikale Venstre",0
Oct-99,4.7,5.2,"Radikale Venstre",.5
Nov-99,4.5,4.3,"Radikale Venstre",.2
Dec-99,4.1,3.6,"Radikale Venstre",.5
Jan-00,4.2,5.1,"Radikale Venstre",.9
Feb-00,4.8,5.4,"Radikale Venstre",.6
Mar-00,4.3,4.4,"Radikale Venstre",.1
Apr-00,4,4.4,"Radikale Venstre",.4
May-00,4.2,4.7,"Radikale Venstre",.5
Jun-00,4.5,4.8,"Radikale Venstre",.3
Aug-00,4.2,3.9,"Radikale Venstre",.3
Sep-00,4.1,4.6,"Radikale Venstre",.5
Oct-00,4.2,4,"Radikale Venstre",.2
Nov-00,4.1,4.2,"Radikale Venstre",.1
Dec-00,4.3,4.8,"Radikale Venstre",.5
Feb-01,4.3,3.6,"Radikale Venstre",.7
Mar-01,4.5,4.4,"Radikale Venstre",.1
Apr-01,4.7,5,"Radikale Venstre",.3
May-01,4.4,4.6,"Radikale Venstre",.2
Jun-01,4.2,4.3,"Radikale Venstre",.1
Aug-01,4.2,3.8,"Radikale Venstre",.4
Sep-01,4.8,4.5,"Radikale Venstre",.3
Oct-01,4.8,4.3,"Radikale Venstre",.5
Nov-01,4.4,4.5,"Radikale Venstre",.1
Dec-01,5.7,5.2,"Radikale Venstre",.5
Jan-02,5.8,5.8,"Radikale Venstre",0
Feb-02,5.7,5.1,"Radikale Venstre",.6
Mar-02,5.9,5.7,"Radikale Venstre",.2
Apr-02,5.7,5.4,"Radikale Venstre",.3
May-02,5.9,5.8,"Radikale Venstre",.1
Jun-02,6.4,7,"Radikale Venstre",.6
Jul-02,6.1,5.7,"Radikale Venstre",.4
Aug-02,6.4,6.3,"Radikale Venstre",.1
Sep-02,6.1,6,"Radikale Venstre",.1
Oct-02,6.6,6.7,"Radikale Venstre",.1
Nov-02,6.2,6.2,"Radikale Venstre",0
Dec-02,6.4,6,"Radikale Venstre",.4
Jan-03,6.8,5.7,"Radikale Venstre",1.1
Feb-03,6.6,6.3,"Radikale Venstre",.3
Mar-03,6.7,7.1,"Radikale Venstre",.4
Apr-03,6.8,6,"Radikale Venstre",.8
May-03,6.4,5.8,"Radikale Venstre",.6
Jun-03,6.9,6.8,"Radikale Venstre",.1
Jul-03,6.8,6.9,"Radikale Venstre",.1
Aug-03,7.1,7.4,"Radikale Venstre",.3
Sep-03,8,7.8,"Radikale Venstre",.2
Oct-03,7.8,7.9,"Radikale Venstre",.1
Nov-03,8,8.2,"Radikale Venstre",.2
Dec-03,8.1,7.3,"Radikale Venstre",.8
Jan-04,7.4,5.9,"Radikale Venstre",1.5
Feb-04,7.9,7.5,"Radikale Venstre",.4
Mar-04,8.1,7.3,"Radikale Venstre",.8
Apr-04,8.8,8.3,"Radikale Venstre",.5
May-04,9.2,9.8,"Radikale Venstre",.6
Jun-04,8.1,6.7,"Radikale Venstre",1.4
Jul-04,8.5,7.3,"Radikale Venstre",1.2
Aug-04,8,7.8,"Radikale Venstre",.2
Sep-04,7.8,7.7,"Radikale Venstre",.1
Oct-04,7.8,7.2,"Radikale Venstre",.6
Nov-04,7.2,6.6,"Radikale Venstre",.6
Dec-04,7.5,7.3,"Radikale Venstre",.2
Jan-05,9,7.5,"Radikale Venstre",1.5
Feb-05,9.6,10.154677,"Radikale Venstre",.5546766
Mar-05,9.8,9.4492939,"Radikale Venstre",.3507061
Apr-05,8.6,9.1,"Radikale Venstre",.5
May-05,8.8,8.6,"Radikale Venstre",.2
Jun-05,9,8.6,"Radikale Venstre",.4
Jul-05,8.9,8.7,"Radikale Venstre",.2
Aug-05,9.5,9.1,"Radikale Venstre",.4
Sep-05,9,9.6719899,"Radikale Venstre",.6719899
Oct-05,9.1,9.3,"Radikale Venstre",.2
Nov-05,8.8,8.8,"Radikale Venstre",0
Dec-05,9.2,9.2,"Radikale Venstre",0
Jan-06,9.1,8.5,"Radikale Venstre",.6
Feb-06,10.4,10.3,"Radikale Venstre",.1
Mar-06,11.4,11.3,"Radikale Venstre",.1
Apr-06,12.4,11.3,"Radikale Venstre",1.1
May-06,11.3,11.8,"Radikale Venstre",.5
Jun-06,10.1,9.3,"Radikale Venstre",.8
Jul-06,11,9.8,"Radikale Venstre",1.2
Aug-06,10.8,9.1,"Radikale Venstre",1.7
Sep-06,9.3,9.5,"Radikale Venstre",.2
Oct-06,8.9,8.5,"Radikale Venstre",.4
Nov-06,9.3,9.7,"Radikale Venstre",.4
Dec-06,8.7,8.8,"Radikale Venstre",.1
Jan-07,8,8.3,"Radikale Venstre",.3
Feb-07,8.4,7.4,"Radikale Venstre",1
Mar-07,8.2,8.8,"Radikale Venstre",.6
Apr-07,8.3,8,"Radikale Venstre",.3
May-07,4.7,5.9,"Radikale Venstre",1.2
Jun-07,6.3,6.8,"Radikale Venstre",.5
Jul-07,6.9,7.4,"Radikale Venstre",.5
Aug-07,7.2,7.8,"Radikale Venstre",.6
Sep-07,7,6.8,"Radikale Venstre",.2
Oct-07,7.3,6.4,"Radikale Venstre",.9
Nov-07,5.8,5.1,"Radikale Venstre",.7
Dec-07,5,4.6,"Radikale Venstre",.4
Jan-08,5.4,5.6,"Radikale Venstre",.2
Feb-08,5.4,5.5,"Radikale Venstre",.1
Mar-08,4.8,4.8,"Radikale Venstre",0
Apr-08,4.8,5.1,"Radikale Venstre",.3
May-08,5,4.7,"Radikale Venstre",.3
Jun-08,5.4,6.1,"Radikale Venstre",.7
Aug-08,5.4,5.1,"Radikale Venstre",.3
Sep-08,5,5.2,"Radikale Venstre",.2
Oct-08,4.6,4.9,"Radikale Venstre",.3
Nov-08,4.4,4.6,"Radikale Venstre",.2
Dec-08,4.4,4.7,"Radikale Venstre",.3
Jan-09,4.6,4.1,"Radikale Venstre",.5
Feb-09,3.6,3.7,"Radikale Venstre",.1
Mar-09,4,3.4,"Radikale Venstre",.6
Apr-09,3.8,3.9,"Radikale Venstre",.1
May-09,4.3,4.8,"Radikale Venstre",.5
Jun-09,4.1,4.2,"Radikale Venstre",.1
Jul-09,3.6,4.4,"Radikale Venstre",.8
Aug-09,4,4.8,"Radikale Venstre",.8
Sep-09,4.7,4.2,"Radikale Venstre",.5
Oct-09,4.6,5,"Radikale Venstre",.4
Nov-09,4.3,4.6,"Radikale Venstre",.3
Dec-09,4.2,4.7,"Radikale Venstre",.5
Jan-10,3.9,3.4,"Radikale Venstre",.5
Feb-10,4.6,4.7,"Radikale Venstre",.1
Mar-10,4.3,4.3,"Radikale Venstre",0
Apr-10,4.8,4.4,"Radikale Venstre",.4
May-10,4.5,4.4,"Radikale Venstre",.1
Jun-10,4.9,4.8,"Radikale Venstre",.1
Jul-10,4.6,4.5,"Radikale Venstre",.1
Aug-10,4.8,4,"Radikale Venstre",.8
Sep-10,4.7,5.4,"Radikale Venstre",.7
Oct-10,4.9,5.1,"Radikale Venstre",.2
Nov-10,5.1,4.5,"Radikale Venstre",.6
Dec-10,6.1,6.6,"Radikale Venstre",.5
Jan-90,16.2,17.2,"Konservative",1
Feb-90,15.9,16.9,"Konservative",1
Mar-90,17.4,17.6,"Konservative",.2
Apr-90,16.2,17.9,"Konservative",1.7
May-90,17.7,18.4,"Konservative",.7
Jun-90,16.8,17.2,"Konservative",.4
Aug-90,17.2,17.5,"Konservative",.3
Sep-90,17.6,17.8,"Konservative",.2
Oct-90,16.9,17.6,"Konservative",.7
Dec-90,16.7,16.1,"Konservative",.6
Jan-91,15,15.8,"Konservative",.8
Feb-91,15.3,15.1,"Konservative",.2
Mar-91,15.8,16.4,"Konservative",.6
Apr-91,15.6,15.4,"Konservative",.2
May-91,15.6,16.2,"Konservative",.6
Jun-91,15,15.2,"Konservative",.2
Aug-91,15.8,14.6,"Konservative",1.2
Sep-91,15.7,15.4,"Konservative",.3
Oct-91,15.6,14.9,"Konservative",.7
Nov-91,16,15.8,"Konservative",.2
Dec-91,15.5,15.3,"Konservative",.2
Jan-92,15.9,15.3,"Konservative",.6
Feb-92,16.5,16,"Konservative",.5
Mar-92,16.5,15.6,"Konservative",.9
Apr-92,15.8,15.4,"Konservative",.4
May-92,15.7,16,"Konservative",.3
Jun-92,14.9,14.2,"Konservative",.7
Aug-92,15.8,15.2,"Konservative",.6
Sep-92,15.9,15.4,"Konservative",.5
Oct-92,15,14.1,"Konservative",.9
Nov-92,15.1,14.4,"Konservative",.7
Dec-92,14.7,14.7,"Konservative",0
Jan-93,14.1,11.5,"Konservative",2.6
Feb-93,13.2,11.8,"Konservative",1.4
Mar-93,12.5,11,"Konservative",1.5
Apr-93,13.1,13.1,"Konservative",0
May-93,12.8,13.2,"Konservative",.4
Jun-93,13.2,12.3,"Konservative",.9
Aug-93,11.9,10.7,"Konservative",1.2
Sep-93,12.1,9.4,"Konservative",2.7
Oct-93,12,11.2,"Konservative",.8
Nov-93,11.8,11.9,"Konservative",.1
Dec-93,11.9,11,"Konservative",.9
Jan-94,12.1,12.2,"Konservative",.1
Feb-94,12.6,12.3,"Konservative",.3
Mar-94,13,13,"Konservative",0
Apr-94,13.2,12.1,"Konservative",1.1
May-94,13,11.1,"Konservative",1.9
Jun-94,14.7,14.8,"Konservative",.1
Aug-94,15.2,14.4,"Konservative",.8
Sep-94,14.7,15.3,"Konservative",.6
Oct-94,15.3,15.3,"Konservative",0
Nov-94,16.6,15.8,"Konservative",.8
Dec-94,16.2,15,"Konservative",1.2
Jan-95,17,17.7,"Konservative",.7
Feb-95,15.8,14.8,"Konservative",1
Mar-95,14.8,14.8,"Konservative",0
Apr-95,15,14.6,"Konservative",.4
May-95,15.3,13.7,"Konservative",1.6
Jun-95,15.5,15.7,"Konservative",.2
Aug-95,15.2,14.6,"Konservative",.6
Sep-95,14.8,14.7,"Konservative",.1
Oct-95,14.3,12.8,"Konservative",1.5
Nov-95,13.9,14.3,"Konservative",.4
Dec-95,15.2,15.5,"Konservative",.3
Jan-96,14.2,15.7,"Konservative",1.5
Feb-96,13.7,13.1,"Konservative",.6
Mar-96,14.7,15.2,"Konservative",.5
Apr-96,14.2,14,"Konservative",.2
May-96,14.6,13.9,"Konservative",.7
Jun-96,13.7,14.5,"Konservative",.8
Aug-96,14.5,15.4,"Konservative",.9
Sep-96,13.6,14.2,"Konservative",.6
Oct-96,13.8,13.5,"Konservative",.3
Nov-96,14.2,13.5,"Konservative",.7
Dec-96,13.3,13.2,"Konservative",.1
Jan-97,13.8,12.9,"Konservative",.9
Feb-97,12.8,12.5,"Konservative",.3
Mar-97,11.5,11.3,"Konservative",.2
Apr-97,11.3,11.8,"Konservative",.5
May-97,13,14.1,"Konservative",1.1
Jun-97,12.4,12.8,"Konservative",.4
Aug-97,13,12.9,"Konservative",.1
Sep-97,13.2,14,"Konservative",.8
Oct-97,11.3,11.4,"Konservative",.1
Nov-97,11.9,13.6,"Konservative",1.7
Dec-97,12.3,12.9,"Konservative",.6
Jan-98,12.5,13.2,"Konservative",.7
Mar-98,11.7,9.3,"Konservative",2.4
Apr-98,7.8,8,"Konservative",.2
May-98,9.2,8.6,"Konservative",.6
Jun-98,8.5,8.2,"Konservative",.3
Aug-98,8.1,6.8,"Konservative",1.3
Sep-98,8.1,6.3,"Konservative",1.8
Oct-98,7.8,6.8,"Konservative",1
Nov-98,6.8,6.6,"Konservative",.2
Dec-98,7.3,6.2,"Konservative",1.1
Jan-99,5.9,6,"Konservative",.1
Feb-99,5.9,5.8,"Konservative",.1
Mar-99,6,5.8,"Konservative",.2
Apr-99,6.8,6.5,"Konservative",.3
May-99,6.3,5.9,"Konservative",.4
Jun-99,6.5,7.4,"Konservative",.9
Aug-99,7.6,6,"Konservative",1.6
Sep-99,8.4,6.6,"Konservative",1.8
Oct-99,8.6,8.2,"Konservative",.4
Nov-99,8.9,9.9,"Konservative",1
Dec-99,8.6,8.2,"Konservative",.4
Jan-00,8.4,8.1,"Konservative",.3
Feb-00,8,7.9,"Konservative",.1
Mar-00,8.9,8.9,"Konservative",0
Apr-00,8.9,8.7,"Konservative",.2
May-00,9.3,7.7,"Konservative",1.6
Jun-00,8.7,8.2,"Konservative",.5
Aug-00,8.7,7.5,"Konservative",1.2
Sep-00,9.2,8.8,"Konservative",.4
Oct-00,9.4,9.2,"Konservative",.2
Nov-00,10.2,9.4,"Konservative",.8
Dec-00,9.6,9.2,"Konservative",.4
Feb-01,9.1,8.6,"Konservative",.5
Mar-01,9,7.8,"Konservative",1.2
Apr-01,8.2,8.2,"Konservative",0
May-01,8.2,7.4,"Konservative",.8
Jun-01,8.9,8.8,"Konservative",.1
Aug-01,9.3,9.1,"Konservative",.2
Sep-01,8.6,8.5,"Konservative",.1
Oct-01,8.3,7.4,"Konservative",.9
Nov-01,8.6,8.6,"Konservative",0
Dec-01,9,9.3,"Konservative",.3
Jan-02,8.9,9.5,"Konservative",.6
Feb-02,8.9,9.8,"Konservative",.9
Mar-02,8.6,8.6,"Konservative",0
Apr-02,9,9.4,"Konservative",.4
May-02,9.1,9.9,"Konservative",.8
Jun-02,8.9,8.6,"Konservative",.3
Jul-02,9.5,9,"Konservative",.5
Aug-02,9,9.1,"Konservative",.1
Sep-02,8.6,8.6,"Konservative",0
Oct-02,9.1,8.8,"Konservative",.3
Nov-02,8.8,9,"Konservative",.2
Dec-02,8.5,8,"Konservative",.5
Jan-03,8.7,9.5,"Konservative",.8
Feb-03,9,9.2,"Konservative",.2
Mar-03,9,8.7,"Konservative",.3
Apr-03,8.4,8.4,"Konservative",0
May-03,8.4,8.1,"Konservative",.3
Jun-03,8.6,8.6,"Konservative",0
Jul-03,8.7,8.7,"Konservative",0
Aug-03,8,8.4,"Konservative",.4
Sep-03,8.1,8.8,"Konservative",.7
Oct-03,8.7,8.6,"Konservative",.1
Nov-03,9,8.7,"Konservative",.3
Dec-03,9.3,9.7,"Konservative",.4
Jan-04,8.7,8.8,"Konservative",.1
Feb-04,9.2,10.1,"Konservative",.9
Mar-04,9.2,9.4,"Konservative",.2
Apr-04,9.2,10,"Konservative",.8
May-04,8.5,9.2,"Konservative",.7
Jun-04,9.1,8.6,"Konservative",.5
Jul-04,9,8.8,"Konservative",.2
Aug-04,9.9,10.3,"Konservative",.4
Sep-04,10.2,10.1,"Konservative",.1
Oct-04,9.2,10.1,"Konservative",.9
Nov-04,9.6,9.6,"Konservative",0
Dec-04,8.6,8.9,"Konservative",.3
Jan-05,9.6,9,"Konservative",.6
Feb-05,10.4,10.735305,"Konservative",.3353046
Mar-05,10.6,10.368696,"Konservative",.2313045
Apr-05,9.5,9.3,"Konservative",.2
May-05,10,10.6,"Konservative",.6
Jun-05,9.8,9.3,"Konservative",.5
Jul-05,10.3,11,"Konservative",.7
Aug-05,10.1,9.7,"Konservative",.4
Sep-05,9.7,9.4476625,"Konservative",.2523375
Oct-05,9.9,10.4,"Konservative",.5
Nov-05,9.9,11.1,"Konservative",1.2
Dec-05,9.8,10.4,"Konservative",.6
Jan-06,10.2,10.5,"Konservative",.3
Feb-06,9.4,10.2,"Konservative",.8
Mar-06,10.5,10.8,"Konservative",.3
Apr-06,10,10.6,"Konservative",.6
May-06,10.2,10.4,"Konservative",.2
Jun-06,9.9,10.4,"Konservative",.5
Jul-06,9.8,10.1,"Konservative",.3
Aug-06,9.8,8.8,"Konservative",1
Sep-06,9.8,10.6,"Konservative",.8
Oct-06,10,10.6,"Konservative",.6
Nov-06,9.8,10.2,"Konservative",.4
Dec-06,10.6,10.9,"Konservative",.3
Jan-07,9.5,10.2,"Konservative",.7
Feb-07,10.1,10,"Konservative",.1
Mar-07,10,10.8,"Konservative",.8
Apr-07,9.5,10.2,"Konservative",.7
May-07,8.6,9.4,"Konservative",.8
Jun-07,9.4,9.4,"Konservative",0
Jul-07,9.7,9.2,"Konservative",.5
Aug-07,8.8,8.9,"Konservative",.1
Sep-07,8.5,8.7,"Konservative",.2
Oct-07,9.3,9.6,"Konservative",.3
Nov-07,10.4,10.4,"Konservative",0
Dec-07,10.1,10.7,"Konservative",.6
Jan-08,10.1,10.4,"Konservative",.3
Feb-08,9.6,9.9,"Konservative",.3
Mar-08,9.8,9.7,"Konservative",.1
Apr-08,10.5,9.9,"Konservative",.6
May-08,10.1,10.4,"Konservative",.3
Jun-08,10.1,10,"Konservative",.1
Aug-08,10.4,10.6,"Konservative",.2
Sep-08,12,12.3,"Konservative",.3
Oct-08,13.5,13.9,"Konservative",.4
Nov-08,13,13.1,"Konservative",.1
Dec-08,11.3,10.7,"Konservative",.6
Jan-09,10.9,11.8,"Konservative",.9
Feb-09,11.4,11.9,"Konservative",.5
Mar-09,11.2,10.6,"Konservative",.6
Apr-09,11.3,11.6,"Konservative",.3
May-09,10.5,10.4,"Konservative",.1
Jun-09,10.5,10.4,"Konservative",.1
Jul-09,11,10.9,"Konservative",.1
Aug-09,10.8,10.8,"Konservative",0
Sep-09,10.7,9.9,"Konservative",.8
Oct-09,9.8,9.7,"Konservative",.1
Nov-09,10.5,10,"Konservative",.5
Dec-09,10.1,10.2,"Konservative",.1
Jan-10,10.3,11.1,"Konservative",.8
Feb-10,10.5,10.4,"Konservative",.1
Mar-10,10.6,11,"Konservative",.4
Apr-10,8.9,8.6,"Konservative",.3
May-10,8.3,8.4,"Konservative",.1
Jun-10,6.9,7.3,"Konservative",.4
Jul-10,7.5,8.2,"Konservative",.7
Aug-10,7,7,"Konservative",0
Sep-10,7,8.2,"Konservative",1.2
Oct-10,6.8,6.3,"Konservative",.5
Nov-10,6.3,5.9,"Konservative",.4
Dec-10,6.1,6.9,"Konservative",.8
Jan-90,13.2,14.1,"Socialistisk Folkeparti",.9
Feb-90,12.6,13.1,"Socialistisk Folkeparti",.5
Mar-90,12.8,12.9,"Socialistisk Folkeparti",.1
Apr-90,13.1,12.4,"Socialistisk Folkeparti",.7
May-90,13.6,14,"Socialistisk Folkeparti",.4
Jun-90,13.4,14.1,"Socialistisk Folkeparti",.7
Aug-90,11.8,11.4,"Socialistisk Folkeparti",.4
Sep-90,12.9,12.7,"Socialistisk Folkeparti",.2
Oct-90,12.2,12.9,"Socialistisk Folkeparti",.7
Dec-90,9.7,8.3,"Socialistisk Folkeparti",1.4
Jan-91,9.2,9.2,"Socialistisk Folkeparti",0
Feb-91,9.1,8.2,"Socialistisk Folkeparti",.9
Mar-91,9.9,9.7,"Socialistisk Folkeparti",.2
Apr-91,9.8,8.9,"Socialistisk Folkeparti",.9
May-91,10.2,9.5,"Socialistisk Folkeparti",.7
Jun-91,10.5,10.1,"Socialistisk Folkeparti",.4
Aug-91,10.5,11.8,"Socialistisk Folkeparti",1.3
Sep-91,10.1,9.7,"Socialistisk Folkeparti",.4
Oct-91,10.5,9.8,"Socialistisk Folkeparti",.7
Nov-91,11.7,10.3,"Socialistisk Folkeparti",1.4
Dec-91,11,10.7,"Socialistisk Folkeparti",.3
Jan-92,12.1,12.5,"Socialistisk Folkeparti",.4
Feb-92,12.1,10.8,"Socialistisk Folkeparti",1.3
Mar-92,12.2,10.1,"Socialistisk Folkeparti",2.1
Apr-92,10.7,11,"Socialistisk Folkeparti",.3
May-92,10.8,10,"Socialistisk Folkeparti",.8
Jun-92,11.9,10.3,"Socialistisk Folkeparti",1.6
Aug-92,11.8,11.6,"Socialistisk Folkeparti",.2
Sep-92,11,9.3,"Socialistisk Folkeparti",1.7
Oct-92,10.9,10.3,"Socialistisk Folkeparti",.6
Nov-92,11.1,10.6,"Socialistisk Folkeparti",.5
Dec-92,11.1,10.6,"Socialistisk Folkeparti",.5
Jan-93,10.9,10.2,"Socialistisk Folkeparti",.7
Feb-93,9.8,9.6,"Socialistisk Folkeparti",.2
Mar-93,10.3,10.1,"Socialistisk Folkeparti",.2
Apr-93,9.8,9.2,"Socialistisk Folkeparti",.6
May-93,9.7,9.2,"Socialistisk Folkeparti",.5
Jun-93,9.9,8.8,"Socialistisk Folkeparti",1.1
Aug-93,9.8,8.5,"Socialistisk Folkeparti",1.3
Sep-93,9.1,7.3,"Socialistisk Folkeparti",1.8
Oct-93,9,8.8,"Socialistisk Folkeparti",.2
Nov-93,8.8,8.7,"Socialistisk Folkeparti",.1
Dec-93,9.2,9.8,"Socialistisk Folkeparti",.6
Jan-94,9.2,7.5,"Socialistisk Folkeparti",1.7
Feb-94,9.1,8.7,"Socialistisk Folkeparti",.4
Mar-94,9.9,10.7,"Socialistisk Folkeparti",.8
Apr-94,10.1,9.8,"Socialistisk Folkeparti",.3
May-94,9.9,9.8,"Socialistisk Folkeparti",.1
Jun-94,10.4,11.1,"Socialistisk Folkeparti",.7
Aug-94,9.6,10.1,"Socialistisk Folkeparti",.5
Sep-94,8.7,11.1,"Socialistisk Folkeparti",2.4
Oct-94,7.6,7.4,"Socialistisk Folkeparti",.2
Nov-94,8.5,8.9,"Socialistisk Folkeparti",.4
Dec-94,9.1,9.7,"Socialistisk Folkeparti",.6
Jan-95,8.6,8.3,"Socialistisk Folkeparti",.3
Feb-95,9,8.8,"Socialistisk Folkeparti",.2
Mar-95,8.6,9.2,"Socialistisk Folkeparti",.6
Apr-95,8.7,8.7,"Socialistisk Folkeparti",0
May-95,8.6,9.8,"Socialistisk Folkeparti",1.2
Jun-95,9.1,9.4,"Socialistisk Folkeparti",.3
Aug-95,8.9,9,"Socialistisk Folkeparti",.1
Sep-95,8.9,8.6,"Socialistisk Folkeparti",.3
Oct-95,9.1,9,"Socialistisk Folkeparti",.1
Nov-95,7.7,8.1,"Socialistisk Folkeparti",.4
Dec-95,9.4,9.7,"Socialistisk Folkeparti",.3
Jan-96,9,9.6,"Socialistisk Folkeparti",.6
Feb-96,9.5,10,"Socialistisk Folkeparti",.5
Mar-96,9.2,9,"Socialistisk Folkeparti",.2
Apr-96,9.2,9.2,"Socialistisk Folkeparti",0
May-96,9.5,9.4,"Socialistisk Folkeparti",.1
Jun-96,9.6,9.9,"Socialistisk Folkeparti",.3
Aug-96,8.6,8.7,"Socialistisk Folkeparti",.1
Sep-96,8.6,7.9,"Socialistisk Folkeparti",.7
Oct-96,8.2,7,"Socialistisk Folkeparti",1.2
Nov-96,9.8,10.1,"Socialistisk Folkeparti",.3
Dec-96,9,8.4,"Socialistisk Folkeparti",.6
Jan-97,7.7,7.3,"Socialistisk Folkeparti",.4
Feb-97,8.2,7.4,"Socialistisk Folkeparti",.8
Mar-97,7.6,7.9,"Socialistisk Folkeparti",.3
Apr-97,8.5,8.6,"Socialistisk Folkeparti",.1
May-97,8.2,8.6,"Socialistisk Folkeparti",.4
Jun-97,7.9,8,"Socialistisk Folkeparti",.1
Aug-97,7.8,7.8,"Socialistisk Folkeparti",0
Sep-97,8.1,7.5,"Socialistisk Folkeparti",.6
Oct-97,7.7,7.2,"Socialistisk Folkeparti",.5
Nov-97,8,7.8,"Socialistisk Folkeparti",.2
Dec-97,8.1,7.7,"Socialistisk Folkeparti",.4
Jan-98,8,7.9,"Socialistisk Folkeparti",.1
Feb-98,7.6,7.9,"Socialistisk Folkeparti",.3
Mar-98,7.7,9,"Socialistisk Folkeparti",1.3
Apr-98,8.4,9.5,"Socialistisk Folkeparti",1.1
May-98,9.3,9.4,"Socialistisk Folkeparti",.1
Jun-98,9.8,10.6,"Socialistisk Folkeparti",.8
Aug-98,9.6,9.6,"Socialistisk Folkeparti",0
Sep-98,9.9,9.9,"Socialistisk Folkeparti",0
Oct-98,9.7,10.7,"Socialistisk Folkeparti",1
Dec-98,15.1,14.3,"Socialistisk Folkeparti",.8
Jan-99,13.1,14,"Socialistisk Folkeparti",.9
Feb-99,14,13.8,"Socialistisk Folkeparti",.2
Mar-99,13.1,13.1,"Socialistisk Folkeparti",0
Apr-99,12,12,"Socialistisk Folkeparti",0
May-99,11.8,12.3,"Socialistisk Folkeparti",.5
Jun-99,11.3,10.1,"Socialistisk Folkeparti",1.2
Aug-99,10.7,11,"Socialistisk Folkeparti",.3
Sep-99,10.2,9.9,"Socialistisk Folkeparti",.3
Oct-99,10.7,10.6,"Socialistisk Folkeparti",.1
Nov-99,10.2,9.9,"Socialistisk Folkeparti",.3
Dec-99,10.5,10.8,"Socialistisk Folkeparti",.3
Jan-00,10.3,10,"Socialistisk Folkeparti",.3
Feb-00,10.4,11.4,"Socialistisk Folkeparti",1
Mar-00,10,10.2,"Socialistisk Folkeparti",.2
Apr-00,10.2,9.8,"Socialistisk Folkeparti",.4
May-00,10.5,10.7,"Socialistisk Folkeparti",.2
Jun-00,11,10.3,"Socialistisk Folkeparti",.7
Aug-00,10.4,9.8,"Socialistisk Folkeparti",.6
Sep-00,11.3,10.2,"Socialistisk Folkeparti",1.1
Oct-00,10.1,11.8,"Socialistisk Folkeparti",1.7
Nov-00,10.5,10.7,"Socialistisk Folkeparti",.2
Dec-00,9.6,10.2,"Socialistisk Folkeparti",.6
Feb-01,9.4,9.9,"Socialistisk Folkeparti",.5
Mar-01,9.8,10.5,"Socialistisk Folkeparti",.7
Apr-01,8.9,10.7,"Socialistisk Folkeparti",1.8
May-01,9.3,9.4,"Socialistisk Folkeparti",.1
Jun-01,9.2,9,"Socialistisk Folkeparti",.2
Aug-01,9.1,8.6,"Socialistisk Folkeparti",.5
Sep-01,8.9,8.9,"Socialistisk Folkeparti",0
Oct-01,8.3,8.5,"Socialistisk Folkeparti",.2
Nov-01,7.2,7.9,"Socialistisk Folkeparti",.7
Dec-01,7,7.2,"Socialistisk Folkeparti",.2
Jan-02,7.5,7.7,"Socialistisk Folkeparti",.2
Feb-02,7.8,7.2,"Socialistisk Folkeparti",.6
Mar-02,7.5,7.6,"Socialistisk Folkeparti",.1
Apr-02,7.6,7.7,"Socialistisk Folkeparti",.1
May-02,8.1,7.3,"Socialistisk Folkeparti",.8
Jun-02,7.7,7.8,"Socialistisk Folkeparti",.1
Jul-02,7,7.7,"Socialistisk Folkeparti",.7
Aug-02,8,8.6,"Socialistisk Folkeparti",.6
Sep-02,8.3,8.5,"Socialistisk Folkeparti",.2
Oct-02,7.8,8.6,"Socialistisk Folkeparti",.8
Nov-02,7.7,8.1,"Socialistisk Folkeparti",.4
Dec-02,8.3,9.5,"Socialistisk Folkeparti",1.2
Jan-03,8,8,"Socialistisk Folkeparti",0
Feb-03,8.5,8.5,"Socialistisk Folkeparti",0
Mar-03,7.8,7.4,"Socialistisk Folkeparti",.4
Apr-03,8.3,8.1,"Socialistisk Folkeparti",.2
May-03,7.8,9.1,"Socialistisk Folkeparti",1.3
Jun-03,7.9,8.5,"Socialistisk Folkeparti",.6
Jul-03,7.1,7.3,"Socialistisk Folkeparti",.2
Aug-03,8,8.3,"Socialistisk Folkeparti",.3
Sep-03,7.6,7.7,"Socialistisk Folkeparti",.1
Oct-03,7.5,7.6,"Socialistisk Folkeparti",.1
Nov-03,7.5,7.3,"Socialistisk Folkeparti",.2
Dec-03,7.4,8.2,"Socialistisk Folkeparti",.8
Jan-04,7.4,7.6,"Socialistisk Folkeparti",.2
Feb-04,7.4,7.1,"Socialistisk Folkeparti",.3
Mar-04,7.7,7.9,"Socialistisk Folkeparti",.2
Apr-04,7.8,7.8,"Socialistisk Folkeparti",0
May-04,7.4,6.1,"Socialistisk Folkeparti",1.3
Jun-04,7.6,7.2,"Socialistisk Folkeparti",.4
Jul-04,7.3,6.9,"Socialistisk Folkeparti",.4
Aug-04,7.7,8.2,"Socialistisk Folkeparti",.5
Sep-04,6.9,7,"Socialistisk Folkeparti",.1
Oct-04,7.1,7.6,"Socialistisk Folkeparti",.5
Nov-04,6.9,7,"Socialistisk Folkeparti",.1
Dec-04,6.8,7.2,"Socialistisk Folkeparti",.4
Jan-05,6.9,6.9,"Socialistisk Folkeparti",0
Feb-05,6.6,5.6242872,"Socialistisk Folkeparti",.9757128
Mar-05,6.3,6.351646,"Socialistisk Folkeparti",.051646
Apr-05,6.5,6.3,"Socialistisk Folkeparti",.2
May-05,6.5,6.7,"Socialistisk Folkeparti",.2
Jun-05,7.3,7.1,"Socialistisk Folkeparti",.2
Jul-05,7.6,7.3,"Socialistisk Folkeparti",.3
Aug-05,7.2,7.4,"Socialistisk Folkeparti",.2
Sep-05,7.8,8.1780805,"Socialistisk Folkeparti",.3780805
Oct-05,7.3,7.2,"Socialistisk Folkeparti",.1
Nov-05,7.2,7.1,"Socialistisk Folkeparti",.1
Dec-05,7.7,7.7,"Socialistisk Folkeparti",0
Jan-06,7.5,7.6,"Socialistisk Folkeparti",.1
Feb-06,7.6,8.1,"Socialistisk Folkeparti",.5
Mar-06,7.8,7.7,"Socialistisk Folkeparti",.1
Apr-06,8.3,8.3,"Socialistisk Folkeparti",0
May-06,9,9.7,"Socialistisk Folkeparti",.7
Jun-06,9.5,9.1,"Socialistisk Folkeparti",.4
Jul-06,9.1,9.1,"Socialistisk Folkeparti",0
Aug-06,9.3,9.9,"Socialistisk Folkeparti",.6
Sep-06,8.9,8.7,"Socialistisk Folkeparti",.2
Oct-06,8,7.5,"Socialistisk Folkeparti",.5
Nov-06,8,8.4,"Socialistisk Folkeparti",.4
Dec-06,7.7,7.7,"Socialistisk Folkeparti",0
Jan-07,8.6,8.1,"Socialistisk Folkeparti",.5
Feb-07,8.3,7.9,"Socialistisk Folkeparti",.4
Mar-07,8.6,8,"Socialistisk Folkeparti",.6
Apr-07,8.3,7.4,"Socialistisk Folkeparti",.9
May-07,8.9,7.9,"Socialistisk Folkeparti",1
Jun-07,9,9.6,"Socialistisk Folkeparti",.6
Jul-07,8.3,8.1,"Socialistisk Folkeparti",.2
Aug-07,9.8,8.6,"Socialistisk Folkeparti",1.2
Sep-07,10,9.1,"Socialistisk Folkeparti",.9
Oct-07,11.9,10.8,"Socialistisk Folkeparti",1.1
Nov-07,13.2,13,"Socialistisk Folkeparti",.2
Dec-07,14.8,14.5,"Socialistisk Folkeparti",.3
Jan-08,15.1,14.5,"Socialistisk Folkeparti",.6
Feb-08,15.3,16.2,"Socialistisk Folkeparti",.9
Mar-08,20.1,20.6,"Socialistisk Folkeparti",.5
Apr-08,19,19.9,"Socialistisk Folkeparti",.9
May-08,17.5,16.3,"Socialistisk Folkeparti",1.2
Jun-08,18,16.9,"Socialistisk Folkeparti",1.1
Aug-08,17.3,17.2,"Socialistisk Folkeparti",.1
Sep-08,17.4,17.7,"Socialistisk Folkeparti",.3
Oct-08,17.6,17,"Socialistisk Folkeparti",.6
Nov-08,17.5,16.1,"Socialistisk Folkeparti",1.4
Dec-08,16.6,15.1,"Socialistisk Folkeparti",1.5
Jan-09,17.7,16.3,"Socialistisk Folkeparti",1.4
Feb-09,19.5,19.3,"Socialistisk Folkeparti",.2
Mar-09,20.1,18.9,"Socialistisk Folkeparti",1.2
Apr-09,18.1,17.8,"Socialistisk Folkeparti",.3
May-09,17.1,15.8,"Socialistisk Folkeparti",1.3
Jun-09,18.8,18.9,"Socialistisk Folkeparti",.1
Jul-09,18.3,19,"Socialistisk Folkeparti",.7
Aug-09,19,19,"Socialistisk Folkeparti",0
Sep-09,18.7,18.2,"Socialistisk Folkeparti",.5
Oct-09,18.2,17.3,"Socialistisk Folkeparti",.9
Nov-09,18.1,17.8,"Socialistisk Folkeparti",.3
Dec-09,17.9,18.1,"Socialistisk Folkeparti",.2
Jan-10,18.9,19.1,"Socialistisk Folkeparti",.2
Feb-10,17.4,16.4,"Socialistisk Folkeparti",1
Mar-10,16.2,16.4,"Socialistisk Folkeparti",.2
Apr-10,16.7,15.4,"Socialistisk Folkeparti",1.3
May-10,18.2,17,"Socialistisk Folkeparti",1.2
Jun-10,17.3,16,"Socialistisk Folkeparti",1.3
Jul-10,17.8,16.7,"Socialistisk Folkeparti",1.1
Aug-10,17.6,19.4,"Socialistisk Folkeparti",1.8
Sep-10,16.6,16,"Socialistisk Folkeparti",.6
Oct-10,16.2,15.9,"Socialistisk Folkeparti",.3
Nov-10,15.3,15.6,"Socialistisk Folkeparti",.3
Dec-10,14.6,14.5,"Socialistisk Folkeparti",.1
Nov-95,2.7,2.2,"Dansk Folkeparti",.5
Dec-95,2.3,2.7,"Dansk Folkeparti",.4
Jan-96,2.3,2.3,"Dansk Folkeparti",0
Feb-96,2,2.2,"Dansk Folkeparti",.2
Mar-96,2.3,2,"Dansk Folkeparti",.3
Apr-96,2.6,2.6,"Dansk Folkeparti",0
May-96,3,2.9,"Dansk Folkeparti",.1
Jun-96,4.6,4.1,"Dansk Folkeparti",.5
Aug-96,3.7,2.7,"Dansk Folkeparti",1
Sep-96,3.6,3.1,"Dansk Folkeparti",.5
Oct-96,3.4,2,"Dansk Folkeparti",1.4
Nov-96,3.4,3.3,"Dansk Folkeparti",.1
Dec-96,2.8,2.4,"Dansk Folkeparti",.4
Jan-97,3,2.4,"Dansk Folkeparti",.6
Feb-97,3.2,2.8,"Dansk Folkeparti",.4
Mar-97,2.8,3.2,"Dansk Folkeparti",.4
Apr-97,3.1,3.5,"Dansk Folkeparti",.4
May-97,3.6,3.9,"Dansk Folkeparti",.3
Jun-97,3.4,3.6,"Dansk Folkeparti",.2
Aug-97,4.7,5.4,"Dansk Folkeparti",.7
Sep-97,5.3,5.7,"Dansk Folkeparti",.4
Oct-97,11.2,13.9,"Dansk Folkeparti",2.7
Nov-97,10.6,9.1,"Dansk Folkeparti",1.5
Dec-97,9.5,9.4,"Dansk Folkeparti",.1
Jan-98,8.6,8.4,"Dansk Folkeparti",.2
Feb-98,7.5,6.5,"Dansk Folkeparti",1
Mar-98,6.9,6.4,"Dansk Folkeparti",.5
Apr-98,7,7.1,"Dansk Folkeparti",.1
May-98,6.6,6.8,"Dansk Folkeparti",.2
Jun-98,6.7,6.6,"Dansk Folkeparti",.1
Aug-98,6.4,8.9,"Dansk Folkeparti",2.5
Sep-98,6.5,8.3,"Dansk Folkeparti",1.8
Oct-98,8.8,7.7,"Dansk Folkeparti",1.1
Nov-98,8.1,7.8,"Dansk Folkeparti",.3
Dec-98,6.7,6.7,"Dansk Folkeparti",0
Jan-99,7.5,7,"Dansk Folkeparti",.5
Feb-99,7.2,7,"Dansk Folkeparti",.2
Mar-99,8.7,8.4,"Dansk Folkeparti",.3
Apr-99,8.2,8.6,"Dansk Folkeparti",.4
May-99,7.9,7.4,"Dansk Folkeparti",.5
Jun-99,8.5,8.7,"Dansk Folkeparti",.2
Aug-99,8.6,8.3,"Dansk Folkeparti",.3
Sep-99,9.9,8,"Dansk Folkeparti",1.9
Oct-99,10.2,10.5,"Dansk Folkeparti",.3
Nov-99,12.6,12.4,"Dansk Folkeparti",.2
Dec-99,15,15.7,"Dansk Folkeparti",.7
Jan-00,15.8,15.4,"Dansk Folkeparti",.4
Feb-00,15.3,15.1,"Dansk Folkeparti",.2
Mar-00,13.8,13.4,"Dansk Folkeparti",.4
Apr-00,12.8,13.5,"Dansk Folkeparti",.7
May-00,11.6,10.9,"Dansk Folkeparti",.7
Jun-00,10.6,8.8,"Dansk Folkeparti",1.8
Aug-00,9.3,8,"Dansk Folkeparti",1.3
Sep-00,10.5,9.3,"Dansk Folkeparti",1.2
Oct-00,11.2,10.5,"Dansk Folkeparti",.7
Nov-00,10.6,10.3,"Dansk Folkeparti",.3
Dec-00,10.4,10.6,"Dansk Folkeparti",.2
Feb-01,10.8,9.1,"Dansk Folkeparti",1.7
Mar-01,10.1,9,"Dansk Folkeparti",1.1
Apr-01,10.1,10,"Dansk Folkeparti",.1
May-01,10.2,10.6,"Dansk Folkeparti",.4
Jun-01,10,10.1,"Dansk Folkeparti",.1
Aug-01,9.5,10.2,"Dansk Folkeparti",.7
Sep-01,11.5,10.2,"Dansk Folkeparti",1.3
Oct-01,11.1,10.9,"Dansk Folkeparti",.2
Nov-01,10.2,11,"Dansk Folkeparti",.8
Dec-01,10.5,10.4,"Dansk Folkeparti",.1
Jan-02,10.2,10.1,"Dansk Folkeparti",.1
Feb-02,11,10.4,"Dansk Folkeparti",.6
Mar-02,10.5,10,"Dansk Folkeparti",.5
Apr-02,11.1,10,"Dansk Folkeparti",1.1
May-02,10.7,10.4,"Dansk Folkeparti",.3
Jun-02,10.7,9.5,"Dansk Folkeparti",1.2
Jul-02,11.5,10.4,"Dansk Folkeparti",1.1
Aug-02,10.9,9.7,"Dansk Folkeparti",1.2
Sep-02,11.3,10.8,"Dansk Folkeparti",.5
Oct-02,11.5,11.9,"Dansk Folkeparti",.4
Nov-02,12.3,11,"Dansk Folkeparti",1.3
Dec-02,11.5,9.7,"Dansk Folkeparti",1.8
Jan-03,11,9.2,"Dansk Folkeparti",1.8
Feb-03,10.5,9.5,"Dansk Folkeparti",1
Mar-03,10.5,9.2,"Dansk Folkeparti",1.3
Apr-03,9.7,9.7,"Dansk Folkeparti",0
May-03,11,11.1,"Dansk Folkeparti",.1
Jun-03,10.4,10.5,"Dansk Folkeparti",.1
Jul-03,10.9,9,"Dansk Folkeparti",1.9
Aug-03,11.4,10.2,"Dansk Folkeparti",1.2
Sep-03,11.2,11.3,"Dansk Folkeparti",.1
Oct-03,11,9.4,"Dansk Folkeparti",1.6
Nov-03,11.4,10.5,"Dansk Folkeparti",.9
Dec-03,11.4,10.4,"Dansk Folkeparti",1
Jan-04,10.9,10.4,"Dansk Folkeparti",.5
Feb-04,10.5,11.2,"Dansk Folkeparti",.7
Mar-04,10.4,10.2,"Dansk Folkeparti",.2
Apr-04,10.7,10.7,"Dansk Folkeparti",0
May-04,10.9,10,"Dansk Folkeparti",.9
Jun-04,11.1,11.4,"Dansk Folkeparti",.3
Jul-04,11.3,11,"Dansk Folkeparti",.3
Aug-04,11.1,11.1,"Dansk Folkeparti",0
Sep-04,11.9,11.6,"Dansk Folkeparti",.3
Oct-04,11.5,11,"Dansk Folkeparti",.5
Nov-04,12,12.4,"Dansk Folkeparti",.4
Dec-04,11.8,10.5,"Dansk Folkeparti",1.3
Jan-05,11.8,13.2,"Dansk Folkeparti",1.4
Feb-05,11.6,13.937077,"Dansk Folkeparti",2.337077
Mar-05,12.5,12.238433,"Dansk Folkeparti",.2615667
Apr-05,12.6,11.6,"Dansk Folkeparti",1
May-05,12.7,12.5,"Dansk Folkeparti",.2
Jun-05,13.5,13.5,"Dansk Folkeparti",0
Jul-05,13.3,13.5,"Dansk Folkeparti",.2
Aug-05,13.1,13.7,"Dansk Folkeparti",.6
Sep-05,13.8,13.878914,"Dansk Folkeparti",.0789144
Oct-05,13.1,13.5,"Dansk Folkeparti",.4
Nov-05,13.3,11.9,"Dansk Folkeparti",1.4
Dec-05,13.4,13,"Dansk Folkeparti",.4
Jan-06,13.1,13.4,"Dansk Folkeparti",.3
Feb-06,17,15.4,"Dansk Folkeparti",1.6
Mar-06,15.6,15.1,"Dansk Folkeparti",.5
Apr-06,14.9,14.6,"Dansk Folkeparti",.3
May-06,14.2,14.1,"Dansk Folkeparti",.1
Jun-06,13.8,13.8,"Dansk Folkeparti",0
Jul-06,14.1,13.6,"Dansk Folkeparti",.5
Aug-06,14.8,13.6,"Dansk Folkeparti",1.2
Sep-06,13,13.1,"Dansk Folkeparti",.1
Oct-06,12.5,12,"Dansk Folkeparti",.5
Nov-06,12.7,11.5,"Dansk Folkeparti",1.2
Dec-06,12.3,11.7,"Dansk Folkeparti",.6
Jan-07,12.4,12.1,"Dansk Folkeparti",.3
Feb-07,12.6,12,"Dansk Folkeparti",.6
Mar-07,12.4,11.4,"Dansk Folkeparti",1
Apr-07,12.3,13,"Dansk Folkeparti",.7
May-07,11.8,11.2,"Dansk Folkeparti",.6
Jun-07,11.6,10.8,"Dansk Folkeparti",.8
Jul-07,12.4,11.5,"Dansk Folkeparti",.9
Aug-07,13.2,13.2,"Dansk Folkeparti",0
Sep-07,13.4,13.2,"Dansk Folkeparti",.2
Oct-07,12.2,12.1,"Dansk Folkeparti",.1
Nov-07,13.4,13.8,"Dansk Folkeparti",.4
Dec-07,12.9,13.5,"Dansk Folkeparti",.6
Jan-08,13.6,13.2,"Dansk Folkeparti",.4
Feb-08,14,13.9,"Dansk Folkeparti",.1
Mar-08,14.1,13.3,"Dansk Folkeparti",.8
Apr-08,13.7,12.9,"Dansk Folkeparti",.8
May-08,13.5,14.3,"Dansk Folkeparti",.8
Jun-08,14.4,13,"Dansk Folkeparti",1.4
Aug-08,14.3,14.5,"Dansk Folkeparti",.2
Sep-08,14.3,14.2,"Dansk Folkeparti",.1
Oct-08,14.1,13.1,"Dansk Folkeparti",1
Nov-08,13.5,13.8,"Dansk Folkeparti",.3
Dec-08,14.3,15,"Dansk Folkeparti",.7
Jan-09,14.2,14.1,"Dansk Folkeparti",.1
Feb-09,13.9,13.2,"Dansk Folkeparti",.7
Mar-09,13.9,14.2,"Dansk Folkeparti",.3
Apr-09,13.2,12.8,"Dansk Folkeparti",.4
May-09,13.8,13.2,"Dansk Folkeparti",.6
Jun-09,14.3,13.9,"Dansk Folkeparti",.4
Jul-09,15.2,14.6,"Dansk Folkeparti",.6
Aug-09,14.2,14,"Dansk Folkeparti",.2
Sep-09,14.7,14.5,"Dansk Folkeparti",.2
Oct-09,14.2,13.8,"Dansk Folkeparti",.4
Nov-09,14.5,14.2,"Dansk Folkeparti",.3
Dec-09,13.8,14.1,"Dansk Folkeparti",.3
Jan-10,14.1,14.2,"Dansk Folkeparti",.1
Feb-10,14,13.7,"Dansk Folkeparti",.3
Mar-10,13.6,13.9,"Dansk Folkeparti",.3
Apr-10,14.5,14,"Dansk Folkeparti",.5
May-10,12.7,12.8,"Dansk Folkeparti",.1
Jun-10,13.7,13.1,"Dansk Folkeparti",.6
Jul-10,12.8,12.7,"Dansk Folkeparti",.1
Aug-10,13.7,13.1,"Dansk Folkeparti",.6
Sep-10,14.4,12.1,"Dansk Folkeparti",2.3
Oct-10,13.9,13.7,"Dansk Folkeparti",.2
Nov-10,14.2,14.2,"Dansk Folkeparti",0
Dec-10,14.2,13.1,"Dansk Folkeparti",1.1
Jan-90,13.5,13.1,"Venstre",.4
Feb-90,13.1,13.1,"Venstre",0
Mar-90,13.3,12.9,"Venstre",.4
Apr-90,13.5,12,"Venstre",1.5
May-90,12.9,11.6,"Venstre",1.3
Jun-90,13.4,12.9,"Venstre",.5
Aug-90,13.9,13.6,"Venstre",.3
Sep-90,14.3,13.6,"Venstre",.7
Oct-90,14.8,14.3,"Venstre",.5
Dec-90,16,16.6,"Venstre",.6
Jan-91,17.7,17.7,"Venstre",0
Feb-91,17.6,17,"Venstre",.6
Mar-91,17.8,17.7,"Venstre",.1
Apr-91,17.7,17.9,"Venstre",.2
May-91,18.1,18.5,"Venstre",.4
Jun-91,18.7,18.5,"Venstre",.2
Aug-91,18.4,18.9,"Venstre",.5
Sep-91,18.6,18.4,"Venstre",.2
Oct-91,18.6,19.3,"Venstre",.7
Nov-91,20,20.4,"Venstre",.4
Dec-91,19.6,18.3,"Venstre",1.3
Jan-92,19.4,19.9,"Venstre",.5
Feb-92,19.4,19.3,"Venstre",.1
Mar-92,19.8,18.6,"Venstre",1.2
Apr-92,19.9,18.7,"Venstre",1.2
May-92,19.2,19.3,"Venstre",.1
Jun-92,19.2,18.9,"Venstre",.3
Aug-92,18.9,18.1,"Venstre",.8
Sep-92,18.7,19.1,"Venstre",.4
Oct-92,19.3,20.2,"Venstre",.9
Nov-92,18.7,19.9,"Venstre",1.2
Dec-92,20.6,19.1,"Venstre",1.5
Jan-93,22.5,23.7,"Venstre",1.2
Feb-93,24,24.1,"Venstre",.1
Mar-93,24.8,24,"Venstre",.8
Apr-93,24.9,23.9,"Venstre",1
May-93,24.9,24.9,"Venstre",0
Jun-93,25.8,25.4,"Venstre",.4
Aug-93,27.9,28.6,"Venstre",.7
Sep-93,30.4,32.8,"Venstre",2.4
Oct-93,29.3,29.7,"Venstre",.4
Nov-93,28.1,27.6,"Venstre",.5
Dec-93,29.2,30.5,"Venstre",1.3
Jan-94,28,27.1,"Venstre",.9
Feb-94,27.4,26.9,"Venstre",.5
Mar-94,26.3,25.8,"Venstre",.5
Apr-94,26,27.6,"Venstre",1.6
May-94,25.8,25.7,"Venstre",.1
Jun-94,25.3,27.1,"Venstre",1.8
Aug-94,24.2,24.5,"Venstre",.3
Sep-94,22.1,23.1,"Venstre",1
Oct-94,26,25.9,"Venstre",.1
Nov-94,25.4,25.3,"Venstre",.1
Dec-94,26,26.2,"Venstre",.2
Jan-95,26.4,25.2,"Venstre",1.2
Feb-95,27.9,27.6,"Venstre",.3
Mar-95,28.4,27.2,"Venstre",1.2
Apr-95,28.5,28.4,"Venstre",.1
May-95,28.6,27.7,"Venstre",.9
Jun-95,28.3,26.9,"Venstre",1.4
Aug-95,28.1,27.3,"Venstre",.8
Sep-95,28.7,29,"Venstre",.3
Oct-95,30.7,31.9,"Venstre",1.2
Nov-95,29.5,29.7,"Venstre",.2
Dec-95,29.2,28,"Venstre",1.2
Jan-96,28.9,27.6,"Venstre",1.3
Feb-96,29.6,28.3,"Venstre",1.3
Mar-96,28.9,28.1,"Venstre",.8
Apr-96,28.2,26.7,"Venstre",1.5
May-96,27.4,26.2,"Venstre",1.2
Jun-96,28.2,25.8,"Venstre",2.4
Aug-96,28.4,28.1,"Venstre",.3
Sep-96,28.7,26.9,"Venstre",1.8
Oct-96,28.3,27.2,"Venstre",1.1
Nov-96,29.4,29.2,"Venstre",.2
Dec-96,30,28.4,"Venstre",1.6
Jan-97,28.6,28.5,"Venstre",.1
Feb-97,29.9,28.6,"Venstre",1.3
Mar-97,30.1,29.3,"Venstre",.8
Apr-97,30,29,"Venstre",1
May-97,29.7,28.6,"Venstre",1.1
Jun-97,29.5,28,"Venstre",1.5
Aug-97,27.8,26.6,"Venstre",1.2
Sep-97,26.1,25,"Venstre",1.1
Oct-97,25.5,24.7,"Venstre",.8
Nov-97,25.6,25.5,"Venstre",.1
Dec-97,26,25.7,"Venstre",.3
Jan-98,25.7,24.5,"Venstre",1.2
Feb-98,25.9,27.7,"Venstre",1.8
Mar-98,26.4,26.4,"Venstre",0
Apr-98,27,28.5,"Venstre",1.5
May-98,26.2,29.7,"Venstre",3.5
Jun-98,29.1,30.2,"Venstre",1.1
Aug-98,30.3,31.2,"Venstre",.9
Sep-98,30.3,31.1,"Venstre",.8
Oct-98,31.1,32.7,"Venstre",1.6
Nov-98,31.9,35,"Venstre",3.1
Dec-98,34.5,36,"Venstre",1.5
Jan-99,35.3,33.6,"Venstre",1.7
Feb-99,35,34.4,"Venstre",.6
Mar-99,33.4,32.5,"Venstre",.9
Apr-99,31.7,30.8,"Venstre",.9
May-99,31.7,31.4,"Venstre",.3
Jun-99,31.1,28.9,"Venstre",2.2
Aug-99,30.8,31.5,"Venstre",.7
Sep-99,29.4,31.6,"Venstre",2.2
Oct-99,29,28.4,"Venstre",.6
Nov-99,27.1,26.3,"Venstre",.8
Dec-99,26.8,25.5,"Venstre",1.3
Jan-00,28.4,26.4,"Venstre",2
Feb-00,28.2,26.9,"Venstre",1.3
Mar-00,28.1,27.3,"Venstre",.8
Apr-00,29,26.3,"Venstre",2.7
May-00,28.6,28.4,"Venstre",.2
Jun-00,29.3,29.3,"Venstre",0
Aug-00,30.2,30.8,"Venstre",.6
Sep-00,28.9,27.3,"Venstre",1.6
Oct-00,28.9,28.3,"Venstre",.6
Nov-00,30.3,28.2,"Venstre",2.1
Dec-00,31.4,29.1,"Venstre",2.3
Feb-01,31.3,30.8,"Venstre",.5
Mar-01,31.1,31,"Venstre",.1
Apr-01,30.9,29.5,"Venstre",1.4
May-01,31,28.8,"Venstre",2.2
Jun-01,30.3,29.4,"Venstre",.9
Aug-01,30.6,30,"Venstre",.6
Sep-01,29.9,30.1,"Venstre",.2
Oct-01,28.8,29.8,"Venstre",1
Nov-01,32.9,30.2,"Venstre",2.7
Dec-01,33.5,33.2,"Venstre",.3
Jan-02,33.9,33.4,"Venstre",.5
Feb-02,31.8,31.9,"Venstre",.1
Mar-02,31.9,32.3,"Venstre",.4
Apr-02,30.2,30.7,"Venstre",.5
May-02,30.1,30.4,"Venstre",.3
Jun-02,30.9,31.8,"Venstre",.9
Jul-02,31,31.1,"Venstre",.1
Aug-02,30.2,31.6,"Venstre",1.4
Sep-02,30.8,32.4,"Venstre",1.6
Oct-02,30.3,31.1,"Venstre",.8
Nov-02,30.2,31.7,"Venstre",1.5
Dec-02,32.1,33.1,"Venstre",1
Jan-03,33.7,34.3,"Venstre",.6
Feb-03,32.6,33,"Venstre",.4
Mar-03,32,33.9,"Venstre",1.9
Apr-03,32.9,33.4,"Venstre",.5
May-03,31.4,31.9,"Venstre",.5
Jun-03,31.6,31.8,"Venstre",.2
Jul-03,30.8,32.1,"Venstre",1.3
Aug-03,30.7,31.2,"Venstre",.5
Sep-03,30.1,30.4,"Venstre",.3
Oct-03,29.6,31.1,"Venstre",1.5
Nov-03,28.5,29.9,"Venstre",1.4
Dec-03,28,28.9,"Venstre",.9
Jan-04,27.7,29.4,"Venstre",1.7
Feb-04,26.6,26.5,"Venstre",.1
Mar-04,26.5,27.3,"Venstre",.8
Apr-04,26.5,26.1,"Venstre",.4
May-04,27.2,28.5,"Venstre",1.3
Jun-04,27.1,27.2,"Venstre",.1
Jul-04,28.3,28.6,"Venstre",.3
Aug-04,27.8,27.2,"Venstre",.6
Sep-04,28.1,28.2,"Venstre",.1
Oct-04,28.9,29.8,"Venstre",.9
Nov-04,30,30.6,"Venstre",.6
Dec-04,31.8,32.4,"Venstre",.6
Jan-05,32.4,32.8,"Venstre",.4
Feb-05,29.8,28.455352,"Venstre",1.344648
Mar-05,29,29.396274,"Venstre",.3962737
Apr-05,29,30.8,"Venstre",1.8
May-05,27.4,27.3,"Venstre",.1
Jun-05,28.3,29.5,"Venstre",1.2
Jul-05,29,28.7,"Venstre",.3
Aug-05,29.1,29.7,"Venstre",.6
Sep-05,29,29.025861,"Venstre",.0258608
Oct-05,29.4,29,"Venstre",.4
Nov-05,28.3,28.1,"Venstre",.2
Dec-05,27.9,27.5,"Venstre",.4
Jan-06,28.4,28.3,"Venstre",.1
Feb-06,28,27.5,"Venstre",.5
Mar-06,27.3,27.4,"Venstre",.1
Apr-06,27.9,27.6,"Venstre",.3
May-06,26.9,26.8,"Venstre",.1
Jun-06,27.5,27.4,"Venstre",.1
Jul-06,27.9,28.2,"Venstre",.3
Aug-06,26.5,27.8,"Venstre",1.3
Sep-06,27.5,27.5,"Venstre",0
Oct-06,27,27.2,"Venstre",.2
Nov-06,26,26.3,"Venstre",.3
Dec-06,26.2,27,"Venstre",.8
Jan-07,27.2,26.4,"Venstre",.8
Feb-07,27.8,29.3,"Venstre",1.5
Mar-07,28.1,28.1,"Venstre",0
Apr-07,28.3,28.8,"Venstre",.5
May-07,25.3,26.2,"Venstre",.9
Jun-07,26.3,28.1,"Venstre",1.8
Jul-07,27.3,28.4,"Venstre",1.1
Aug-07,26.7,26.8,"Venstre",.1
Sep-07,26.5,26.8,"Venstre",.3
Oct-07,25,27.6,"Venstre",2.6
Nov-07,25.6,26.3,"Venstre",.7
Dec-07,27.4,28,"Venstre",.6
Jan-08,27.2,28,"Venstre",.8
Feb-08,27.6,27,"Venstre",.6
Mar-08,26.7,27,"Venstre",.3
Apr-08,26.7,27.4,"Venstre",.7
May-08,26.7,26.5,"Venstre",.2
Jun-08,26.1,26.6,"Venstre",.5
Aug-08,25.4,26,"Venstre",.6
Sep-08,22.6,22.6,"Venstre",0
Oct-08,22.2,22.3,"Venstre",.1
Nov-08,23.1,24,"Venstre",.9
Dec-08,23.9,25,"Venstre",1.1
Jan-09,24.4,25.5,"Venstre",1.1
Feb-09,23.2,23.3,"Venstre",.1
Mar-09,21.5,23.5,"Venstre",2
Apr-09,25.1,25.5,"Venstre",.4
May-09,24.8,26.3,"Venstre",1.5
Jun-09,23.9,25,"Venstre",1.1
Jul-09,24.2,24.1,"Venstre",.1
Aug-09,23.5,24.2,"Venstre",.7
Sep-09,23.7,24.8,"Venstre",1.1
Oct-09,24.9,26.9,"Venstre",2
Nov-09,24.7,25.8,"Venstre",1.1
Dec-09,24.6,24.5,"Venstre",.1
Jan-10,24.2,23.7,"Venstre",.5
Feb-10,23.5,24.9,"Venstre",1.4
Mar-10,24.1,24,"Venstre",.1
Apr-10,22.7,24.5,"Venstre",1.8
May-10,22.3,22.9,"Venstre",.6
Jun-10,21.8,22.3,"Venstre",.5
Jul-10,24.2,25.3,"Venstre",1.1
Aug-10,23.4,24.1,"Venstre",.7
Sep-10,23.1,23.3,"Venstre",.2
Oct-10,21.5,23.1,"Venstre",1.6
Nov-10,21.1,24,"Venstre",2.9
Dec-10,19.9,21.3,"Venstre",1.4
May-07,11.1,8.3,"Ny/Liberal Alliance",2.8
Jun-07,7.3,5.7,"Ny/Liberal Alliance",1.6
Jul-07,4.4,4.5,"Ny/Liberal Alliance",.1
Aug-07,5,4.8,"Ny/Liberal Alliance",.2
Sep-07,5.2,5.5,"Ny/Liberal Alliance",.3
Oct-07,6.9,3.8,"Ny/Liberal Alliance",3.1
Nov-07,2.8,2.8,"Ny/Liberal Alliance",0
Dec-07,1.9,1.3,"Ny/Liberal Alliance",.6
Jan-08,1.2,1.1,"Ny/Liberal Alliance",.1
Feb-08,.9,.5,"Ny/Liberal Alliance",.4
Mar-08,.9,1,"Ny/Liberal Alliance",.1
Apr-08,.7,.8,"Ny/Liberal Alliance",.1
May-08,.7,.8,"Ny/Liberal Alliance",.1
Jun-08,.5,.3,"Ny/Liberal Alliance",.2
Aug-08,.8,.6,"Ny/Liberal Alliance",.2
Sep-08,.8,.7,"Ny/Liberal Alliance",.1
Oct-08,.5,.5,"Ny/Liberal Alliance",0
Nov-08,.6,.4,"Ny/Liberal Alliance",.2
Dec-08,.7,.7,"Ny/Liberal Alliance",0
Feb-09,.3,.4,"Ny/Liberal Alliance",.1
Mar-09,.4,.6,"Ny/Liberal Alliance",.2
Apr-09,.4,.3,"Ny/Liberal Alliance",.1
May-09,.5,.4,"Ny/Liberal Alliance",.1
Jun-09,.7,.8,"Ny/Liberal Alliance",.1
Jul-09,.8,.4,"Ny/Liberal Alliance",.4
Aug-09,.4,.2,"Ny/Liberal Alliance",.2
Sep-09,.5,.9,"Ny/Liberal Alliance",.4
Oct-09,.4,.6,"Ny/Liberal Alliance",.2
Nov-09,.5,1,"Ny/Liberal Alliance",.5
Dec-09,.9,.4,"Ny/Liberal Alliance",.5
Jan-10,.6,.7,"Ny/Liberal Alliance",.1
Feb-10,.7,.4,"Ny/Liberal Alliance",.3
Mar-10,.8,.8,"Ny/Liberal Alliance",0
Apr-10,2,1.7,"Ny/Liberal Alliance",.3
May-10,3,3.8,"Ny/Liberal Alliance",.8
Jun-10,3.6,4,"Ny/Liberal Alliance",.4
Jul-10,2.6,2.6,"Ny/Liberal Alliance",0
Aug-10,4.2,3.8,"Ny/Liberal Alliance",.4
Sep-10,4.4,4.5,"Ny/Liberal Alliance",.1
Oct-10,5.1,4.6,"Ny/Liberal Alliance",.5
Nov-10,5.7,6.1,"Ny/Liberal Alliance",.4
Dec-10,6.5,6.6,"Ny/Liberal Alliance",.1
Oct-93,2,2.1,"Enhedslisten",.1
Jan-94,2.1,2.1,"Enhedslisten",0
Oct-94,3.1,2.8,"Enhedslisten",.3
Nov-94,3.1,2.8,"Enhedslisten",.3
Dec-94,3.1,2.6,"Enhedslisten",.5
Jan-95,3.3,3.2,"Enhedslisten",.1
Feb-95,3.2,2.9,"Enhedslisten",.3
Mar-95,2.9,2.9,"Enhedslisten",0
Apr-95,2.8,2.1,"Enhedslisten",.7
May-95,3.1,3.4,"Enhedslisten",.3
Jun-95,2.9,2.7,"Enhedslisten",.2
Aug-95,3.4,3.1,"Enhedslisten",.3
Sep-95,3.1,3,"Enhedslisten",.1
Oct-95,3.2,3.6,"Enhedslisten",.4
Nov-95,3.2,3,"Enhedslisten",.2
Dec-95,2.9,2.7,"Enhedslisten",.2
Jan-96,3.1,3,"Enhedslisten",.1
Feb-96,3.2,3.2,"Enhedslisten",0
Mar-96,3.1,2.9,"Enhedslisten",.2
Apr-96,2.9,2.4,"Enhedslisten",.5
May-96,3.5,3.6,"Enhedslisten",.1
Jun-96,3.2,2.9,"Enhedslisten",.3
Aug-96,3.2,3.2,"Enhedslisten",0
Sep-96,3.3,3.3,"Enhedslisten",0
Oct-96,3.2,3.6,"Enhedslisten",.4
Nov-96,3.3,3.7,"Enhedslisten",.4
Dec-96,3.7,3.4,"Enhedslisten",.3
Jan-97,3.3,3.4,"Enhedslisten",.1
Feb-97,3.3,3.4,"Enhedslisten",.1
Mar-97,3.2,3.3,"Enhedslisten",.1
Apr-97,3,3.3,"Enhedslisten",.3
May-97,3.2,3.3,"Enhedslisten",.1
Jun-97,3.4,3,"Enhedslisten",.4
Aug-97,3.1,2.7,"Enhedslisten",.4
Sep-97,2.9,2.9,"Enhedslisten",0
Oct-97,3,2.4,"Enhedslisten",.6
Nov-97,2.8,2.8,"Enhedslisten",0
Dec-97,2.4,2.7,"Enhedslisten",.3
Jan-98,2.6,3.1,"Enhedslisten",.5
Feb-98,3.1,2.4,"Enhedslisten",.7
Mar-98,2.9,2.8,"Enhedslisten",.1
Apr-98,2.5,2.8,"Enhedslisten",.3
May-98,2.7,2.7,"Enhedslisten",0
Jun-98,2.5,2.8,"Enhedslisten",.3
Aug-98,2.5,2.9,"Enhedslisten",.4
Sep-98,2.5,2.6,"Enhedslisten",.1
Oct-98,2.8,3,"Enhedslisten",.2
Nov-98,2.8,3.3,"Enhedslisten",.5
Dec-98,3,3.1,"Enhedslisten",.1
Jan-99,2.9,2.9,"Enhedslisten",0
Feb-99,3,2.9,"Enhedslisten",.1
Mar-99,3,2.7,"Enhedslisten",.3
Apr-99,2.9,2.5,"Enhedslisten",.4
May-99,2.8,2.4,"Enhedslisten",.4
Jun-99,2.7,2.9,"Enhedslisten",.2
Aug-99,2.8,2.6,"Enhedslisten",.2
Sep-99,2.9,2.3,"Enhedslisten",.6
Oct-99,2.7,2.1,"Enhedslisten",.6
Nov-99,3,3.1,"Enhedslisten",.1
Dec-99,2.7,3.5,"Enhedslisten",.8
Jan-00,2.8,2.9,"Enhedslisten",.1
Feb-00,2.7,2.1,"Enhedslisten",.6
Mar-00,2.5,2.3,"Enhedslisten",.2
Apr-00,2.6,2.5,"Enhedslisten",.1
May-00,2.7,3,"Enhedslisten",.3
Jun-00,3,3.3,"Enhedslisten",.3
Aug-00,2.6,2.7,"Enhedslisten",.1
Sep-00,3.2,2.6,"Enhedslisten",.6
Oct-00,3.1,2.7,"Enhedslisten",.4
Nov-00,2.4,2.1,"Enhedslisten",.3
Dec-00,2.7,1.9,"Enhedslisten",.8
Feb-01,2.6,2.5,"Enhedslisten",.1
Mar-01,2.6,2.3,"Enhedslisten",.3
Apr-01,2.7,2.2,"Enhedslisten",.5
May-01,2.7,2.7,"Enhedslisten",0
Jun-01,2.8,2.5,"Enhedslisten",.3
Aug-01,2.9,3,"Enhedslisten",.1
Sep-01,2.7,2.6,"Enhedslisten",.1
Oct-01,2.5,2.1,"Enhedslisten",.4
Nov-01,2.6,2.1,"Enhedslisten",.5
Dec-01,2.6,2.6,"Enhedslisten",0
Jan-02,2.4,2.2,"Enhedslisten",.2
Feb-02,2.2,2.2,"Enhedslisten",0
Mar-02,2.4,2.1,"Enhedslisten",.3
Apr-02,2.5,1.8,"Enhedslisten",.7
May-02,2.4,2.4,"Enhedslisten",0
Jun-02,2.2,2.1,"Enhedslisten",.1
Jul-02,2.2,2.1,"Enhedslisten",.1
Aug-02,2.3,1.6,"Enhedslisten",.7
Sep-02,2.3,2,"Enhedslisten",.3
Oct-02,2.2,1.9,"Enhedslisten",.3
Nov-02,2.3,2.2,"Enhedslisten",.1
Dec-02,2,1.3,"Enhedslisten",.7
Jan-03,2.3,1.9,"Enhedslisten",.4
Feb-03,2.2,1.8,"Enhedslisten",.4
Mar-03,2.5,2.4,"Enhedslisten",.1
Apr-03,2.5,2,"Enhedslisten",.5
May-03,2.4,2,"Enhedslisten",.4
Jun-03,2.3,1.8,"Enhedslisten",.5
Jul-03,2.3,2,"Enhedslisten",.3
Aug-03,2.7,2.2,"Enhedslisten",.5
Sep-03,2.3,1.8,"Enhedslisten",.5
Oct-03,2.3,1.9,"Enhedslisten",.4
Nov-03,2.4,2.1,"Enhedslisten",.3
Dec-03,2.3,1.6,"Enhedslisten",.7
Jan-04,2.7,1.9,"Enhedslisten",.8
Feb-04,2.3,2.4,"Enhedslisten",.1
Mar-04,2.5,2,"Enhedslisten",.5
Apr-04,2.4,2,"Enhedslisten",.4
May-04,2.7,2.7,"Enhedslisten",0
Jun-04,2.5,1.9,"Enhedslisten",.6
Jul-04,2.9,2.4,"Enhedslisten",.5
Aug-04,2.4,1.8,"Enhedslisten",.6
Sep-04,2.1,2.3,"Enhedslisten",.2
Oct-04,2.3,2.1,"Enhedslisten",.2
Nov-04,2.4,2.2,"Enhedslisten",.2
Dec-04,2.4,2.2,"Enhedslisten",.2
Jan-05,3,1.9,"Enhedslisten",1.1
Feb-05,3.1,3.7114808,"Enhedslisten",.6114808
Mar-05,3.8,3.5149243,"Enhedslisten",.2850757
Apr-05,3.6,3.4,"Enhedslisten",.2
May-05,3.6,3.6,"Enhedslisten",0
Jun-05,3.4,3.3,"Enhedslisten",.1
Jul-05,3.1,3.2,"Enhedslisten",.1
Aug-05,3.7,3.5,"Enhedslisten",.2
Sep-05,3.7,3.1532231,"Enhedslisten",.5467769
Oct-05,3.7,3.4,"Enhedslisten",.3
Nov-05,3.5,3.2,"Enhedslisten",.3
Dec-05,3.4,3.5,"Enhedslisten",.1
Jan-06,3.4,3.7,"Enhedslisten",.3
Feb-06,3.2,3.4,"Enhedslisten",.2
Mar-06,3.3,3.1,"Enhedslisten",.2
Apr-06,3.1,2.9,"Enhedslisten",.2
May-06,3.4,3.4,"Enhedslisten",0
Jun-06,3.4,3.7,"Enhedslisten",.3
Jul-06,2.9,3.2,"Enhedslisten",.3
Aug-06,3,2.6,"Enhedslisten",.4
Sep-06,3.3,3.4,"Enhedslisten",.1
Oct-06,3.2,2.9,"Enhedslisten",.3
Nov-06,3,3.1,"Enhedslisten",.1
Dec-06,3.2,3,"Enhedslisten",.2
Jan-07,3.2,3.2,"Enhedslisten",0
Feb-07,3.4,3.7,"Enhedslisten",.3
Mar-07,3.4,3.3,"Enhedslisten",.1
Apr-07,3.3,4,"Enhedslisten",.7
May-07,3,3.3,"Enhedslisten",.3
Jun-07,3.1,2.6,"Enhedslisten",.5
Jul-07,2.7,2.7,"Enhedslisten",0
Aug-07,2.2,2.1,"Enhedslisten",.1
Sep-07,2.6,2.5,"Enhedslisten",.1
Oct-07,1.8,1.7,"Enhedslisten",.1
Nov-07,2.2,2.2,"Enhedslisten",0
Dec-07,1.9,1.6,"Enhedslisten",.3
Jan-08,1.9,1.4,"Enhedslisten",.5
Feb-08,1.9,1.8,"Enhedslisten",.1
Mar-08,2,1.9,"Enhedslisten",.1
Apr-08,2.1,1.9,"Enhedslisten",.2
May-08,2.2,2.2,"Enhedslisten",0
Jun-08,2.1,2.3,"Enhedslisten",.2
Aug-08,2,1.7,"Enhedslisten",.3
Sep-08,2.2,2.3,"Enhedslisten",.1
Oct-08,2.1,1.7,"Enhedslisten",.4
Nov-08,2,2.2,"Enhedslisten",.2
Dec-08,2.1,1.8,"Enhedslisten",.3
Jan-09,2.3,2.2,"Enhedslisten",.1
Feb-09,1.9,2,"Enhedslisten",.1
Mar-09,2.1,1.8,"Enhedslisten",.3
Apr-09,2.3,1.8,"Enhedslisten",.5
May-09,2.1,2,"Enhedslisten",.1
Jun-09,2.1,1.2,"Enhedslisten",.9
Jul-09,2.2,1.7,"Enhedslisten",.5
Aug-09,2.4,1.9,"Enhedslisten",.5
Sep-09,2.4,2.2,"Enhedslisten",.2
Oct-09,2.3,2,"Enhedslisten",.3
Nov-09,2.2,1.9,"Enhedslisten",.3
Dec-09,2.4,2,"Enhedslisten",.4
Jan-10,2.3,2.2,"Enhedslisten",.1
Feb-10,2.4,2.3,"Enhedslisten",.1
Mar-10,2.6,2.4,"Enhedslisten",.2
Apr-10,2.7,2.3,"Enhedslisten",.4
May-10,2.3,2.7,"Enhedslisten",.4
Jun-10,2.9,2.9,"Enhedslisten",0
Jul-10,2.5,2.3,"Enhedslisten",.2
Aug-10,2.8,2.6,"Enhedslisten",.2
Sep-10,2.8,2.6,"Enhedslisten",.2
Oct-10,2.6,3.2,"Enhedslisten",.6
Nov-10,3.3,2.4,"Enhedslisten",.9
Dec-10,3.7,3.8,"Enhedslisten",.1
